{
  "blast": {
    "accuracy": 0.7351856405212688,
    "no_hit_rate": 0.0,
    "seqs_per_sec": 104.08489823317916
  },
  "knn": {
    "species_accuracy_test": 0.9001721170395869,
    "genus_accuracy_unseen": 0.0,
    "seqs_per_sec": 3833.8056117800365
  },
  "random_forest": {
    "species_accuracy_test": 0.906073272682567
  }
}