{
  "experiment": "tree_recovery_unseen",
  "embed_dim": 384,
  "n_unseen_species": 622,
  "n_train_sample": 500,
  "unseen_unseen": {
    "pearson_r": 0.865040103875343,
    "spearman_r": 0.801514442664389,
    "n_pairs": 30000
  },
  "unseen_train": {
    "pearson_r": 0.9220382306098875,
    "spearman_r": 0.8488203079529165,
    "n_pairs": 30000
  }
}